<?xml version="1.0" encoding="UTF-8"?>
<config xmlns:xsi="http://www.w3.org/2001/XMLSchema-instance" xsi:noNamespaceSchemaLocation="urn:magento:module:Magento_Config:etc/system_file.xsd">
    <system>
        <section id="misspell" translate="label" sortOrder="12" showInDefault="1" showInWebsite="1" showInStore="1">
            <label>Search Spell Correction</label>
            <tab>mirasvit</tab>
            <resource>Mirasvit_Misspell::misspell_config</resource>
            <group id="general" translate="label" type="text" sortOrder="10" showInDefault="1" showInWebsite="1"
                   showInStore="1">
                <label>Search Spell Correction</label>

                <field id="active" translate="label" type="select" sortOrder="10" showInDefault="1" showInWebsite="1"
                       showInStore="1">
                    <label>Enable spell correction</label>
                    <source_model>Magento\Config\Model\Config\Source\Yesno</source_model>
                </field>

                <field id="fallback" translate="label" type="select" sortOrder="20" showInDefault="1" showInWebsite="1"
                       showInStore="1">
                    <label>Enable fallback search</label>
                    <source_model>Magento\Config\Model\Config\Source\Yesno</source_model>
                </field>
            </group>
        </section>
    </system>
</config>
