<?xml version="1.0" encoding="UTF-8"?>
<config xmlns:xsi="http://www.w3.org/2001/XMLSchema-instance" xsi:noNamespaceSchemaLocation="urn:magento:framework:Acl/etc/acl.xsd">
    <acl>
        <resources>
            <resource id="Magento_Backend::admin">
                <resource id="Magento_Backend::system">
                    <resource id="Mirasvit_Search::search" title="Sphinx Search" sortOrder="20">
                        <resource id="Mirasvit_Search::search_index" title="Search Indexes" sortOrder="10"/>
                        <resource id="Mirasvit_Search::search_score_rule" title="Products Boost Rules" sortOrder="15"/>
                        <resource id="Mirasvit_Search::search_synonym" title="Synonyms" sortOrder="20"/>
                        <resource id="Mirasvit_Search::search_stopword" title="Stopwords" sortOrder="30"/>
                        <resource id="Mirasvit_Search::search_settings" title="Settings" sortOrder="40"/>
                    </resource>
                </resource>
                <resource id="Magento_Backend::stores">
                    <resource id="Magento_Backend::stores_settings">
                        <resource id="Magento_Config::config">
                            <resource id="Mirasvit_Search::search_config" title="Sphinx Search" sortOrder="20"/>
                        </resource>
                    </resource>
                </resource>
            </resource>
        </resources>
    </acl>
</config>